{
    "total_holding_gbp": 230058180,
    "equity_nav_gbp": 5.688876854599407,
    "jema_price": 2.718671,
    "s_account_divs_now_gbp": 66497028,
    "s_account_divs_per_share": 1.6443379821958457,
    "total_nav_gbp": 7.3332148367952525,
    "total_holding_rus": 206353766,
    "total_holding_non": 23704414,
    "data_timestamp": "2026-05-22T11:59:05.071028",
    "official_nav": 67.09,
    "adjusted_nav": 63.71897047477745,
    "official_pd": 3.0522745565658065,
    "equity_pd_total": -0.5221076023465021,
    "actual_pd_total": -0.6292661458165996
}