{
    "total_holding_gbp": 222243690,
    "equity_nav_gbp": 5.495640207715134,
    "jema_price": 2.5164,
    "s_account_divs_now_gbp": 55025947,
    "s_account_divs_per_share": 1.3606811819980218,
    "total_nav_gbp": 6.856321389713155,
    "total_holding_rus": 197335262,
    "total_holding_non": 24908428,
    "data_timestamp": "2026-03-31T11:28:10.298369",
    "official_nav": 64.41,
    "adjusted_nav": 66.47324584569733,
    "official_pd": 2.9068467629250114,
    "equity_pd_total": -0.5421097624863951,
    "actual_pd_total": -0.6329810321063031
}