{
    "total_holding_gbp": 222294361,
    "equity_nav_gbp": 5.496893199802176,
    "jema_price": 2.48,
    "s_account_divs_now_gbp": 56026850,
    "s_account_divs_per_share": 1.385431503461919,
    "total_nav_gbp": 6.882324703264095,
    "total_holding_rus": 195593745,
    "total_holding_non": 26700616,
    "data_timestamp": "2026-02-03T22:11:33.492941",
    "official_nav": 69.86,
    "adjusted_nav": 70.86190269535113,
    "official_pd": 2.549957056971085,
    "equity_pd_total": -0.5488360588688077,
    "actual_pd_total": -0.6396566411893055
}