{
    "total_holding_gbp": 230665588,
    "equity_nav_gbp": 5.703896834817013,
    "jema_price": 2.4,
    "s_account_divs_now_gbp": 56950760,
    "s_account_divs_per_share": 1.4082779426310583,
    "total_nav_gbp": 7.112174777448072,
    "total_holding_rus": 203929748,
    "total_holding_non": 26735840,
    "data_timestamp": "2026-03-02T11:43:34.029320",
    "official_nav": 71.82,
    "adjusted_nav": 71.15513719090009,
    "official_pd": 2.3416875522138683,
    "equity_pd_total": -0.5792350265961649,
    "actual_pd_total": -0.662550475051578
}