{
    "total_holding_gbp": 227481637,
    "equity_nav_gbp": 5.625164119683482,
    "jema_price": 2.339838,
    "s_account_divs_now_gbp": 56453270,
    "s_account_divs_per_share": 1.3959760138476756,
    "total_nav_gbp": 7.021140133531157,
    "total_holding_rus": 201501598,
    "total_holding_non": 25980039,
    "data_timestamp": "2026-03-05T11:38:05.148943",
    "official_nav": 68.26,
    "adjusted_nav": 69.22614980217607,
    "official_pd": 2.4278318195136235,
    "equity_pd_total": -0.5840409363679759,
    "actual_pd_total": -0.6667438684458759
}