{
    "total_holding_gbp": 226317893,
    "equity_nav_gbp": 5.596387067260139,
    "jema_price": 2.44307,
    "s_account_divs_now_gbp": 57021830,
    "s_account_divs_per_share": 1.4100353610286844,
    "total_nav_gbp": 7.006422428288824,
    "total_holding_rus": 199029809,
    "total_holding_non": 27288084,
    "data_timestamp": "2026-02-20T12:31:26.878320",
    "official_nav": 70.3,
    "adjusted_nav": 72.39956006429279,
    "official_pd": 2.4752062588904695,
    "equity_pd_total": -0.5634558563162304,
    "actual_pd_total": -0.651309919576649
}