{
    "total_holding_gbp": 224565143,
    "equity_nav_gbp": 5.553045079129575,
    "jema_price": 2.43,
    "s_account_divs_now_gbp": 55957479,
    "s_account_divs_per_share": 1.3837160979228487,
    "total_nav_gbp": 6.936761177052423,
    "total_holding_rus": 199073531,
    "total_holding_non": 25491612,
    "data_timestamp": "2025-12-08T22:09:05.416173"
}