{
    "total_holding_gbp": 225489813,
    "equity_nav_gbp": 5.5759103115727005,
    "jema_price": 2.45,
    "s_account_divs_now_gbp": 56820465,
    "s_account_divs_per_share": 1.4050560089020772,
    "total_nav_gbp": 6.980966320474778,
    "total_holding_rus": 198996418,
    "total_holding_non": 26493395,
    "data_timestamp": "2026-01-31T15:03:45.638716",
    "official_nav": 0.72,
    "adjusted_nav": 70.43362804154303,
    "official_pd": 339.2777777777778,
    "equity_pd_total": -0.5606098622291198,
    "actual_pd_total": -0.6490457212471733
}