{
    "total_holding_gbp": 220923690,
    "equity_nav_gbp": 5.462999258160237,
    "jema_price": 2.4895,
    "s_account_divs_now_gbp": 53521313,
    "s_account_divs_per_share": 1.3234746043521266,
    "total_nav_gbp": 6.786473862512364,
    "total_holding_rus": 194940824,
    "total_holding_non": 25982866,
    "data_timestamp": "2025-12-12T11:56:33.976364",
    "declared_nav": 64.99,
    "official_pd": 2.830589321434067,
    "equity_pd_total": -0.5442979428779231,
    "actual_pd_total": -0.6331673781650162
}