{
    "total_holding_gbp": 226170379,
    "equity_nav_gbp": 5.592739342235411,
    "jema_price": 2.4,
    "s_account_divs_now_gbp": 56755317,
    "s_account_divs_per_share": 1.4034450296735905,
    "total_nav_gbp": 6.996184371909001,
    "total_holding_rus": 198885798,
    "total_holding_non": 27284581,
    "data_timestamp": "2026-02-27T13:18:18.855158",
    "official_nav": 71.2,
    "adjusted_nav": 72.38733674579625,
    "official_pd": 2.370786516853932,
    "equity_pd_total": -0.5708721874671308,
    "actual_pd_total": -0.6569558673101223
}