{
    "total_holding_gbp": 230496113,
    "equity_nav_gbp": 5.699706058358061,
    "jema_price": 2.3,
    "s_account_divs_now_gbp": 56054697,
    "s_account_divs_per_share": 1.3861201038575668,
    "total_nav_gbp": 7.085826162215628,
    "total_holding_rus": 203920354,
    "total_holding_non": 26575759,
    "data_timestamp": "2026-01-22T09:28:36.610269",
    "declared_nav": 69.0,
    "adjusted_nav": 70.75905672601385,
    "official_pd": 2.3333333333333335,
    "equity_pd_total": -0.5964704185705727,
    "actual_pd_total": -0.6754083507912612
}