{
    "total_holding_gbp": 227739468,
    "equity_nav_gbp": 5.6315397626112755,
    "jema_price": 2.522,
    "s_account_divs_now_gbp": 54522085,
    "s_account_divs_per_share": 1.3482216864490604,
    "total_nav_gbp": 6.9797614490603355,
    "total_holding_rus": 200695580,
    "total_holding_non": 27043888,
    "data_timestamp": "2026-01-29T11:49:04.524101",
    "official_nav": 71.77,
    "adjusted_nav": 71.83690356083086,
    "official_pd": 2.514003065347638,
    "equity_pd_total": -0.5521651082455326,
    "actual_pd_total": -0.638669599468972
}