{
    "total_holding_gbp": 228002470,
    "equity_nav_gbp": 5.638043273986153,
    "jema_price": 2.7245,
    "s_account_divs_now_gbp": 66866952,
    "s_account_divs_per_share": 1.6534854599406528,
    "total_nav_gbp": 7.291528733926805,
    "total_holding_rus": 204214304,
    "total_holding_non": 23788166,
    "data_timestamp": "2026-05-21T11:56:43.206006",
    "official_nav": 67.3,
    "adjusted_nav": 63.873167754698315,
    "official_pd": 3.0482912332838046,
    "equity_pd_total": -0.5167649718882432,
    "actual_pd_total": -0.6263472175151481
}