{
    "total_holding_gbp": 222369496,
    "equity_nav_gbp": 5.498751137487636,
    "jema_price": 2.5959,
    "s_account_divs_now_gbp": 54379118,
    "s_account_divs_per_share": 1.344686399604352,
    "total_nav_gbp": 6.843437537091988,
    "total_holding_rus": 195593209,
    "total_holding_non": 26776287,
    "data_timestamp": "2026-01-27T10:01:41.967289",
    "official_nav": 70.3,
    "adjusted_nav": 71.04900863006924,
    "official_pd": 2.6926031294452346,
    "equity_pd_total": -0.5279109864960975,
    "actual_pd_total": -0.620673092151421
}