{
    "total_holding_gbp": 221428902,
    "equity_nav_gbp": 5.4754921364985165,
    "jema_price": 2.488,
    "s_account_divs_now_gbp": 53795810,
    "s_account_divs_per_share": 1.3302623639960436,
    "total_nav_gbp": 6.80575450049456,
    "total_holding_rus": 195563348,
    "total_holding_non": 25865554,
    "data_timestamp": "2025-12-15T12:51:29.261928",
    "declared_nav": 65.9,
    "official_pd": 2.7754172989377843,
    "equity_pd_total": -0.5456116202933617,
    "actual_pd_total": -0.6344270132254695
}