{
    "total_holding_gbp": 222236105,
    "equity_nav_gbp": 5.495452645895154,
    "jema_price": 2.4,
    "s_account_divs_now_gbp": 56240059,
    "s_account_divs_per_share": 1.3907037339268051,
    "total_nav_gbp": 6.8861563798219585,
    "total_holding_rus": 195420108,
    "total_holding_non": 26815997,
    "data_timestamp": "2026-02-13T10:58:02.629647",
    "official_nav": 70.9,
    "adjusted_nav": 71.14292304648862,
    "official_pd": 2.3850493653032436,
    "equity_pd_total": -0.5632752832848651,
    "actual_pd_total": -0.6514746590663322
}