{
    "total_holding_gbp": 231799047,
    "equity_nav_gbp": 5.731925,
    "jema_price": 2.7,
    "s_account_divs_now_gbp": 66452382,
    "s_account_divs_per_share": 1.6432339762611277,
    "total_nav_gbp": 7.375158976261128,
    "total_holding_rus": 207422710,
    "total_holding_non": 24376337,
    "data_timestamp": "2026-05-19T10:10:46.654698",
    "official_nav": 0.683,
    "adjusted_nav": 65.40693397626113,
    "official_pd": 394.31478770131775,
    "equity_pd_total": -0.5289540599362343,
    "actual_pd_total": -0.6339061966405533
}