{
    "total_holding_gbp": 226120124,
    "equity_nav_gbp": 5.591496636993076,
    "jema_price": 2.6008,
    "s_account_divs_now_gbp": 57092899,
    "s_account_divs_per_share": 1.4117927546983184,
    "total_nav_gbp": 7.0032893916913945,
    "total_holding_rus": 200207433,
    "total_holding_non": 25912691,
    "data_timestamp": "2026-04-16T10:50:08.227678",
    "official_nav": 69.5,
    "adjusted_nav": 69.02760961918892,
    "official_pd": 2.7421582733812953,
    "equity_pd_total": -0.5348651409725921,
    "actual_pd_total": -0.6286316537075345
}