{
    "total_holding_gbp": 221197145,
    "equity_nav_gbp": 5.4697612512364,
    "jema_price": 2.5380000000000003,
    "s_account_divs_now_gbp": 56044617,
    "s_account_divs_per_share": 1.3858708456973294,
    "total_nav_gbp": 6.855632096933729,
    "total_holding_rus": 194198464,
    "total_holding_non": 26998681,
    "data_timestamp": "2026-02-12T14:20:40.450354",
    "official_nav": 70.9,
    "adjusted_nav": 71.56445509396637,
    "official_pd": 2.5796897038081803,
    "equity_pd_total": -0.5359943728025964,
    "actual_pd_total": -0.6297934363871198
}