{
    "total_holding_gbp": 226225671,
    "equity_nav_gbp": 5.594106602373888,
    "jema_price": 2.5318799999999997,
    "s_account_divs_now_gbp": 57069210,
    "s_account_divs_per_share": 1.4112069732937687,
    "total_nav_gbp": 7.005313575667657,
    "total_holding_rus": 199182039,
    "total_holding_non": 27043632,
    "data_timestamp": "2026-02-20T14:52:47.747248",
    "official_nav": 70.3,
    "adjusted_nav": 71.79884369436202,
    "official_pd": 2.60153627311522,
    "equity_pd_total": -0.5474022609927413,
    "actual_pd_total": -0.6385772067656952
}