{
    "total_holding_gbp": 223957659,
    "equity_nav_gbp": 5.53802321958457,
    "jema_price": 2.4056,
    "s_account_divs_now_gbp": 56423657,
    "s_account_divs_per_share": 1.3952437438180019,
    "total_nav_gbp": 6.933266963402572,
    "total_holding_rus": 197190389,
    "total_holding_non": 26767270,
    "data_timestamp": "2026-02-16T11:27:59.528389",
    "official_nav": 69.97,
    "adjusted_nav": 71.06620645400594,
    "official_pd": 2.43804487637559,
    "equity_pd_total": -0.5656211784210514,
    "actual_pd_total": -0.6530351401874439
}