{
    "total_holding_gbp": 233088398,
    "equity_nav_gbp": 5.76380806132542,
    "jema_price": 2.32084,
    "s_account_divs_now_gbp": 57335722,
    "s_account_divs_per_share": 1.4177972799208705,
    "total_nav_gbp": 7.181605341246291,
    "total_holding_rus": 206849302,
    "total_holding_non": 26239096,
    "data_timestamp": "2026-03-03T11:32:41.447611",
    "official_nav": 70.41,
    "adjusted_nav": 69.9989837289812,
    "official_pd": 2.2961795199545523,
    "equity_pd_total": -0.5973425944606647,
    "actual_pd_total": -0.6768354859782307
}