{
    "total_holding_gbp": 224116508,
    "equity_nav_gbp": 5.541951236399604,
    "jema_price": 230.0,
    "s_account_divs_now_gbp": 55540014,
    "s_account_divs_per_share": 1.3733930267062315,
    "total_nav_gbp": 6.915344263105835,
    "total_holding_rus": 198486963,
    "total_holding_non": 25629545,
    "data_timestamp": "2025-12-09T17:26:19.274502"
}