{
    "total_holding_gbp": 224581985,
    "equity_nav_gbp": 5.553461547972304,
    "jema_price": 2.43,
    "s_account_divs_now_gbp": 55963198,
    "s_account_divs_per_share": 1.3838575173095944,
    "total_nav_gbp": 6.937319065281899,
    "total_holding_rus": 199093875,
    "total_holding_non": 25488110,
    "data_timestamp": "2025-12-08T22:11:36.369709"
}